<?xml version="1.0" encoding="UTF-8"?>
<!--
	Build file for automating WSDL generation from Java classes
-->

<project name="sol_build" basedir="." default="build-server">
	
	<!-- This is a generic build that uses the following
	     properties for identifying the proper classes
	     and names:
	        "package" 	  the package where the Java classes are
        	"class" 	  the main class to be used for generation
        	"servicename" the name of the service to be generated in the WSDL
        	"tns" 		  the target namespace to be used in the WSDL
         you can call the generic generate-wsdl if you set these properties
         when calling ant.
	-->
	
    <property name="wsdl.dir" value="${basedir}/wsdl"/>
	<property name="build.dir" value="${basedir}/build"/>
	<property name="debug" value="true" />
	<property name="lib" value="${basedir}/lib" />
	<property name="debuglevel" value="source,lines,vars" />
	<property name="target" value="1.7" />
	<property name="source" value="1.7" />
	<property name="src-server.dir" value="${basedir}/src/it/polito/dp2/FDS/sol4/server" />
	<property name="src-client.dir" value="${basedir}/src/it/polito/dp2/FDS/sol4/client" />
	<property name="gen.dir" value="${basedir}/generated/gen-src" />
	<property name="schema.dir" value="${basedir}/xsd" />
	<property name="META-INF.dir" value="${build.dir}/META-INF" />
	<property name="custom.dir" value="${basedir}/custom" />
	
	<property name="wsdl_FDSControl.file" location="${META-INF.dir}/server/wsdl/FDSControl.wsdl" />
	<property name="wsdl_FDSInfo.file" location="${META-INF.dir}/server/wsdl/FDSInfo.wsdl" />
	
	<property name="client-package" value="it.polito.dp2.FDS.sol4.client.gen"/>
	<property name="url.wsdl" value="http://localhost:7071/fdsinfo?wsdl"/>
	<property name="url.wsdl2" value="http://localhost:7070/fdscontrol?wsdl"/>
	<property name="client.info.wsdl.file" value="${META-INF.dir}/client/wsdl/FDSInfo.wsdl" />
	<property name="client.control.wsdl.file" value="${META-INF.dir}/client/wsdl/FDSControl.wsdl" />
	
	<path id="server.classpath">
		<pathelement location="${build.dir}" />
		<pathelement location="${lib}/FDS.jar" />
	</path>
	
	<path id="client.classpath">
		<pathelement location="${build.dir}" />
	</path>
	
	<target name="generate-server-wsdl" depends="init" description="generate java classes from wsdl for all the operations">
		<antcall target="generate-FDSControl-wsdl"/>
		<antcall target="generate-FDSInfo-wsdl"/>
	</target>
	
	<target name="build-server" depends="generate-server-wsdl" description="Build the sources">
		<javac debug="${debug}"
			debuglevel="${debuglevel}"
			source="${source}"
			target="${target}"
			destdir="${build.dir}"
			includeantruntime="false">
			<src path="${src-server.dir}" />
			<classpath refid="server.classpath" />
		</javac>
	</target>
	
	<target name="build-client" depends="generate-client-artifacts, generate-client-wsdl">
		<javac debug="${debug}"
			debuglevel="${debuglevel}"
			source="${source}"
			target="${target}"
			destdir="${build.dir}"
			includeantruntime="false">
			<src path="${src-client.dir}" />
			<src path="${gen.dir}/it/polito/dp2/FDS/sol4/client/boardList/jaxb/" />
			<src path="${gen.dir}/it/polito/dp2/FDS/sol4/client/fdsBoarding/jaxb/" />
			<src path="${gen.dir}/it/polito/dp2/FDS/sol4/client/gen/" />
		</javac>
	</target>
	
	<target name="copy-server-wsdl" depends="init">
		<copy todir="${META-INF.dir}/server/wsdl">
			<fileset dir="${wsdl.dir}" />
		</copy>
		<copy todir="${META-INF.dir}/server/custom">
			<fileset dir="${custom.dir}">
				<exclude name="client-control-custom-bindings.xml" />
				<exclude name="client-info-custom-bindings.xml" />
			</fileset>
		</copy>
	</target>
	
	
	<target name="generate-FDSControl-wsdl" depends="copy-server-wsdl">
		<exec executable="wsimport" failonerror="true">
			<arg value="-keep" />
			<arg value="-d" />
			<arg path="${build.dir}" />
			<arg value="-s" />
			<arg path="${basedir}/src" />
			<arg value="-b" />
			<arg path="${META-INF.dir}/server/custom/server-control-custom-bindings.xml" />
			<arg value="-p" />
			<arg value="it.polito.dp2.FDS.sol4.server.jaxws" />
			<arg file="${wsdl_FDSControl.file}" />
		</exec>
	</target>
	
	<target name="generate-FDSInfo-wsdl" depends="copy-server-wsdl">
		<exec executable="wsimport" failonerror="true">
			<arg value="-keep" />
			<arg value="-d" />
			<arg path="${build.dir}" />
			<arg value="-s" />
			<arg path="${basedir}/src" />
			<arg value="-b" />
			<arg path="${META-INF.dir}/server/custom/server-info-custom-bindings.xml" />
			<arg value="-p" />
			<arg value="it.polito.dp2.FDS.sol4.server.jaxws" />
			<arg file="${wsdl_FDSInfo.file}" />
		</exec>
	</target>
	
	<target name="generate-client-wsdl" depends="init">
		<get src="${url.wsdl2}" dest="${META-INF.dir}/client/wsdl/FDSControl.wsdl"/>
		<get src="${url.wsdl}" dest="${META-INF.dir}/client/wsdl/FDSInfo.wsdl"/>
		<copy todir="${META-INF.dir}/client/custom" flatten="true">
			<resources>
				<file file="${custom.dir}/client-control-custom-bindings.xml" />
				<file file="${custom.dir}/client-info-custom-bindings.xml" />
			</resources>
		</copy>
	    <exec executable="wsimport" failonerror="true">
			<arg value="-keep" />
			<arg value="-d" />
			<arg path="${build.dir}" />
			<arg value="-s" />
			<arg path="${gen.dir}" />
			<arg value="-b" />
			<arg path="${META-INF.dir}/client/custom/client-info-custom-bindings.xml" />
			<arg value="-p" />
			<arg value="${client-package}" />
			<arg file="${client.info.wsdl.file}" />
	    </exec>
		<exec executable="wsimport" failonerror="true">
			<arg value="-keep" />
			<arg value="-d" />
			<arg path="${build.dir}" />
			<arg value="-s" />
			<arg path="${gen.dir}" />
			<arg value="-b" />
			<arg path="${META-INF.dir}/client/custom/client-control-custom-bindings.xml" />
			<arg value="-p" />
			<arg value="${client-package}" />
			<arg file="${client.control.wsdl.file}" />
	    </exec>
	</target>  
	
	<target name="init">
	        <mkdir dir="${wsdl.dir}"/>
			<mkdir dir="${build.dir}"/>
			<mkdir dir="${gen.dir}" />
			<mkdir dir="${META-INF.dir}" />
			<mkdir dir="${META-INF.dir}/server/wsdl" />
			<mkdir dir="${META-INF.dir}/server/custom" />
			<mkdir dir="${META-INF.dir}/client/wsdl" />
			<mkdir dir="${META-INF.dir}/client/custom" />
	</target>
	
	<target name="clean">
		<delete dir="${build.dir}"/>
		<delete dir="${gen.dir}" />
		<delete dir="${META-INF.dir}" />
	</target>
	
	<target name="generate-client-artifacts" depends="init">
		<exec executable="xjc" failonerror="true" >
			<arg value="-d" />
			<arg value="${gen.dir}" />
			<arg value="-p" />
			<arg value="it.polito.dp2.FDS.sol4.client.fdsBoarding.jaxb" />
			<arg value="${schema.dir}/fdsBoarding.xsd" />
		</exec>
		<exec executable="xjc" failonerror="true" >
			<arg value="-d" />
			<arg value="${gen.dir}" />
			<arg value="-p" />
			<arg value="it.polito.dp2.FDS.sol4.client.boardList.jaxb" />
			<arg value="${schema.dir}/boardList.xsd" />
		</exec>
	</target>
	
</project>